name,start_time,end_time,activity_time,resource,replication
Patient0,0,1.4391701580451328,1.4391701580451328,ED,1
Patient1,8.360917409461857,11.092612931000735,2.731695521538878,ED,1
Patient2,24.449555891153008,24.993671326485067,0.5441154353320599,AMU,1
Patient3,23.59391059600449,25.730225323286444,2.1363147272819525,ED,1
Patient4,33.011880459446196,35.404860487489366,2.3929800280431666,ED,1
Patient5,37.12625890802193,38.08051722980637,0.9542583217844367,ED,1